listing_key,city,postal_code,unparsed_address,property_sub_type,bedrooms_total,bathrooms_total_integer,living_area,list_price,original_list_price,close_price,close_date,days_on_market,association_fee
DEMO-SOLD-0001,Irvine,92603,101 Synthetic Sold Example,SingleFamilyResidence,5,3,2560,1669473.13,1714662.4,1672517.52,2026-08-27,42,0
DEMO-SOLD-0002,Irvine,92603,102 Synthetic Sold Example,Condominium,2,2,1565,1019463.38,1020545.47,1009541.72,2026-08-23,20,629
DEMO-SOLD-0003,Irvine,92618,103 Synthetic Sold Example,SingleFamilyResidence,4,4,2314,1617094.22,1669217.65,1561021.38,2026-08-19,52,0
DEMO-SOLD-0004,Irvine,92618,104 Synthetic Sold Example,SingleFamilyResidence,3,2,1970,1399476.32,1404668.15,1374047.45,2026-08-15,14,0
DEMO-SOLD-0005,Irvine,92614,105 Synthetic Sold Example,SingleFamilyResidence,4,3,2074,1434450.15,1490285.59,1422704.01,2026-08-11,32,0
DEMO-SOLD-0006,Irvine,92603,106 Synthetic Sold Example,SingleFamilyResidence,5,4,2680,1819606.67,1822941.97,1820022.62,2026-08-07,22,0
DEMO-SOLD-0007,Irvine,92614,107 Synthetic Sold Example,SingleFamilyResidence,3,2,2139,1399834.52,1420262.71,1395332.97,2026-08-03,31,0
DEMO-SOLD-0008,Irvine,92614,108 Synthetic Sold Example,SingleFamilyResidence,5,3,2383,1622303.01,1669617.59,1579404.34,2026-07-30,18,0
DEMO-SOLD-0009,Irvine,92618,109 Synthetic Sold Example,Condominium,3,4,1974,1355140.41,1397203.97,1364819.63,2026-07-26,22,366
DEMO-SOLD-0010,Irvine,92614,110 Synthetic Sold Example,Condominium,3,2,1966,1385102.27,1424877.66,1375903.81,2026-07-22,21,605
DEMO-SOLD-0011,Irvine,92618,111 Synthetic Sold Example,Condominium,3,3,1892,1230719.73,1243654.18,1222188.88,2026-07-18,45,569
DEMO-SOLD-0012,Irvine,92620,112 Synthetic Sold Example,Condominium,3,2,1891,1269399.56,1271791.94,1230740.59,2026-07-14,15,428
DEMO-SOLD-0013,Irvine,92612,113 Synthetic Sold Example,Condominium,4,2,2424,1601373.09,1635265.47,1625083.13,2026-07-10,43,355
DEMO-SOLD-0014,Irvine,92603,114 Synthetic Sold Example,SingleFamilyResidence,5,3,2424,1583330.82,1583536.36,1540435.05,2026-07-06,54,0
DEMO-SOLD-0015,Irvine,92614,115 Synthetic Sold Example,SingleFamilyResidence,4,2,2335,1627184.91,1640131.51,1611536.5,2026-07-02,31,0
DEMO-SOLD-0016,Irvine,92612,116 Synthetic Sold Example,SingleFamilyResidence,4,3,2530,1595102.53,1651168.58,1613374.31,2026-06-28,27,0
DEMO-SOLD-0017,Irvine,92612,117 Synthetic Sold Example,SingleFamilyResidence,3,4,1830,1162856.56,1166075.93,1150413.44,2026-06-24,42,0
DEMO-SOLD-0018,Irvine,92612,118 Synthetic Sold Example,SingleFamilyResidence,5,3,2872,1842292.54,1886993.48,1826418.77,2026-06-20,21,0
DEMO-SOLD-0019,Irvine,92620,119 Synthetic Sold Example,SingleFamilyResidence,5,3,2718,1923381.7,1957087.05,1918561.52,2026-06-16,41,0
DEMO-SOLD-0020,Irvine,92618,120 Synthetic Sold Example,SingleFamilyResidence,3,2,1815,1188135.92,1199072.22,1181500.7,2026-06-12,22,0
DEMO-SOLD-0021,Irvine,92603,121 Synthetic Sold Example,SingleFamilyResidence,5,2,2544,1609305.45,1630575.86,1555507.41,2026-06-08,40,0
DEMO-SOLD-0022,Irvine,92612,122 Synthetic Sold Example,SingleFamilyResidence,5,3,2529,1694428.43,1754233.83,1696406.89,2026-06-04,44,0
DEMO-SOLD-0023,Irvine,92618,123 Synthetic Sold Example,SingleFamilyResidence,4,3,2224,1410123.59,1430107.72,1407231.62,2026-05-31,34,0
DEMO-SOLD-0024,Irvine,92618,124 Synthetic Sold Example,SingleFamilyResidence,5,2,2372,1561592.08,1615415.32,1533428.97,2026-05-27,23,0
DEMO-SOLD-0025,Irvine,92612,125 Synthetic Sold Example,SingleFamilyResidence,4,3,2173,1433139.58,1447459.88,1402939.4,2026-05-23,12,0
DEMO-SOLD-0026,Irvine,92618,126 Synthetic Sold Example,SingleFamilyResidence,2,4,1485,1043724.15,1079156.32,1055537.39,2026-05-19,18,0
DEMO-SOLD-0027,Irvine,92618,127 Synthetic Sold Example,Condominium,4,2,2440,1701038.44,1701185.09,1655504.8,2026-05-15,32,485
DEMO-SOLD-0028,Irvine,92618,128 Synthetic Sold Example,SingleFamilyResidence,4,4,2528,1610667.96,1673078.73,1578189.47,2026-05-11,45,0
DEMO-SOLD-0029,Irvine,92620,129 Synthetic Sold Example,SingleFamilyResidence,5,3,2368,1488141.17,1542868.28,1471532.66,2026-05-07,41,0
DEMO-SOLD-0030,Irvine,92612,130 Synthetic Sold Example,SingleFamilyResidence,4,2,2220,1397614.72,1445794.37,1353447.36,2026-05-03,33,0
DEMO-SOLD-0031,Irvine,92603,131 Synthetic Sold Example,SingleFamilyResidence,4,4,2070,1393261.5,1425789.83,1373701.85,2026-04-29,41,0
DEMO-SOLD-0032,Irvine,92614,132 Synthetic Sold Example,SingleFamilyResidence,3,3,1994,1285228.41,1318413.05,1248655.84,2026-04-25,37,0
DEMO-SOLD-0033,Irvine,92614,133 Synthetic Sold Example,SingleFamilyResidence,2,3,2046,1436895.57,1449146.79,1391867.62,2026-04-21,24,0
DEMO-SOLD-0034,Irvine,92612,134 Synthetic Sold Example,SingleFamilyResidence,2,2,1848,1192656.32,1218571.21,1177043.53,2026-04-17,27,0
DEMO-SOLD-0035,Irvine,92620,135 Synthetic Sold Example,SingleFamilyResidence,5,4,2616,1821802.62,1885793.58,1767475.24,2026-04-13,24,0
DEMO-SOLD-0036,Irvine,92603,136 Synthetic Sold Example,SingleFamilyResidence,5,4,2469,1589197.3,1634814.4,1581635.1,2026-04-09,21,0
DEMO-SOLD-0037,Irvine,92614,137 Synthetic Sold Example,Condominium,3,2,1844,1239222.19,1241407.52,1247236.74,2026-04-05,29,416
DEMO-SOLD-0038,Irvine,92614,138 Synthetic Sold Example,SingleFamilyResidence,5,3,2874,1946617.08,1955328.1,1933079.02,2026-04-01,52,0
DEMO-SOLD-0039,Irvine,92612,139 Synthetic Sold Example,SingleFamilyResidence,3,4,2315,1464798.27,1482859.73,1422864.43,2026-03-28,10,0
DEMO-SOLD-0040,Irvine,92614,140 Synthetic Sold Example,SingleFamilyResidence,5,2,2415,1566564.42,1621376.18,1555589.35,2026-03-24,47,0
DEMO-SOLD-0041,Irvine,92612,141 Synthetic Sold Example,SingleFamilyResidence,3,2,2172,1351585.28,1369544.36,1354056.28,2026-03-20,34,0
DEMO-SOLD-0042,Irvine,92612,142 Synthetic Sold Example,SingleFamilyResidence,3,2,2141,1475144.44,1488269.31,1486841.83,2026-03-16,37,0
DEMO-SOLD-0043,Irvine,92614,143 Synthetic Sold Example,SingleFamilyResidence,3,2,1774,1191836.44,1205118.41,1173867.48,2026-03-12,12,0
DEMO-SOLD-0044,Irvine,92614,144 Synthetic Sold Example,SingleFamilyResidence,5,4,2719,1829895.69,1854134.48,1843039.94,2026-03-08,9,0
DEMO-SOLD-0045,Irvine,92603,145 Synthetic Sold Example,SingleFamilyResidence,3,4,2021,1257158.28,1274541.62,1250656.97,2026-03-04,28,0
DEMO-SOLD-0046,Irvine,92618,146 Synthetic Sold Example,SingleFamilyResidence,4,4,2224,1421477.79,1421573.95,1422102.19,2026-02-28,42,0
DEMO-SOLD-0047,Irvine,92612,147 Synthetic Sold Example,SingleFamilyResidence,4,2,2368,1582460.68,1590349.26,1579563.78,2026-02-24,27,0
DEMO-SOLD-0048,Irvine,92620,148 Synthetic Sold Example,SingleFamilyResidence,5,3,2644,1720778.22,1729539.58,1685988.83,2026-02-20,34,0
DEMO-SOLD-0049,Irvine,92618,149 Synthetic Sold Example,SingleFamilyResidence,4,4,2338,1522305.08,1540808.69,1532483.6,2026-02-16,21,0
DEMO-SOLD-0050,Irvine,92618,150 Synthetic Sold Example,SingleFamilyResidence,4,3,2482,1668935.07,1721922.79,1653178.16,2026-02-12,55,0
DEMO-SOLD-0051,Irvine,92612,151 Synthetic Sold Example,SingleFamilyResidence,3,4,2093,1311064.11,1323381.22,1327583.5,2026-02-08,27,0
DEMO-SOLD-0052,Irvine,92612,152 Synthetic Sold Example,SingleFamilyResidence,3,2,1797,1147156.14,1186147.42,1134258.46,2026-02-04,12,0
DEMO-SOLD-0053,Irvine,92618,153 Synthetic Sold Example,Condominium,5,4,2509,1695560.22,1722665.64,1668768.54,2026-01-31,17,352
DEMO-SOLD-0054,Irvine,92603,154 Synthetic Sold Example,Condominium,3,2,2280,1495076.17,1549943.67,1484416.71,2026-01-27,15,583
DEMO-SOLD-0055,Irvine,92612,155 Synthetic Sold Example,Condominium,5,4,2882,1919641.54,1988090.27,1943640.86,2026-01-23,47,608
DEMO-SOLD-0056,Irvine,92618,156 Synthetic Sold Example,Condominium,3,3,2210,1413310.13,1449358.66,1381315.59,2026-01-19,41,598
DEMO-SOLD-0057,Irvine,92612,157 Synthetic Sold Example,SingleFamilyResidence,4,2,2322,1480402.95,1533284.53,1453448.33,2026-01-15,13,0
DEMO-SOLD-0058,Irvine,92612,158 Synthetic Sold Example,SingleFamilyResidence,3,3,1906,1286261.68,1307232.86,1245373.28,2026-01-11,42,0
DEMO-SOLD-0059,Irvine,92618,159 Synthetic Sold Example,Condominium,2,2,1900,1234624.86,1281346.13,1238933.44,2026-01-07,9,644
DEMO-SOLD-0060,Irvine,92618,160 Synthetic Sold Example,Condominium,2,3,1775,1204456.96,1250391.59,1213698.03,2026-01-03,34,625
DEMO-SOLD-0061,Irvine,92620,161 Synthetic Sold Example,SingleFamilyResidence,4,2,2309,1508853.14,1529139.94,1458232.99,2025-12-30,51,0
DEMO-SOLD-0062,Irvine,92618,162 Synthetic Sold Example,SingleFamilyResidence,4,2,2576,1600096.3,1636219.57,1575616.45,2025-12-26,9,0
DEMO-SOLD-0063,Irvine,92603,163 Synthetic Sold Example,Condominium,3,3,1936,1206124.33,1216335.87,1186772.3,2025-12-22,28,522
DEMO-SOLD-0064,Irvine,92618,164 Synthetic Sold Example,SingleFamilyResidence,4,3,2113,1386529.68,1389418.41,1389928.36,2025-12-18,30,0
DEMO-SOLD-0065,Irvine,92612,165 Synthetic Sold Example,SingleFamilyResidence,5,2,2341,1624810.56,1626135.11,1584138.36,2025-12-14,17,0
DEMO-SOLD-0066,Irvine,92612,166 Synthetic Sold Example,SingleFamilyResidence,4,2,2607,1809050.25,1827592.56,1787796.98,2025-12-10,31,0
DEMO-SOLD-0067,Irvine,92612,167 Synthetic Sold Example,SingleFamilyResidence,3,3,1860,1236443.55,1264921.16,1250593.86,2025-12-06,32,0
DEMO-SOLD-0068,Irvine,92618,168 Synthetic Sold Example,SingleFamilyResidence,2,4,1718,1077318.42,1113959.88,1081222.67,2025-12-02,46,0
DEMO-SOLD-0069,Irvine,92603,169 Synthetic Sold Example,SingleFamilyResidence,3,4,2188,1468805.96,1506850.57,1422461.95,2025-11-28,8,0
DEMO-SOLD-0070,Irvine,92618,170 Synthetic Sold Example,Condominium,2,3,1840,1231422.05,1266261.87,1239346.7,2025-11-24,35,440
DEMO-SOLD-0071,Irvine,92620,171 Synthetic Sold Example,SingleFamilyResidence,4,4,2525,1655795.91,1695036.59,1666205.45,2025-11-20,28,0
DEMO-SOLD-0072,Irvine,92612,172 Synthetic Sold Example,SingleFamilyResidence,3,3,1999,1355982.31,1392224.38,1347158.23,2025-11-16,29,0
DEMO-SOLD-0073,Pasadena,91101,173 Synthetic Sold Example,Condominium,3,2,2099,1256371.18,1273474.85,1262516.86,2026-08-27,46,491
DEMO-SOLD-0074,Pasadena,91101,174 Synthetic Sold Example,SingleFamilyResidence,2,2,1736,1074217.44,1103892.02,1077341.51,2026-08-23,49,0
DEMO-SOLD-0075,Pasadena,91107,175 Synthetic Sold Example,Condominium,2,2,1621,970350.04,982235.13,969951.58,2026-08-19,45,538
DEMO-SOLD-0076,Pasadena,91107,176 Synthetic Sold Example,SingleFamilyResidence,4,4,2218,1348452.49,1364991.15,1331849.35,2026-08-15,22,0
DEMO-SOLD-0077,Pasadena,91101,177 Synthetic Sold Example,SingleFamilyResidence,3,2,2148,1400711.91,1411443.66,1400023.01,2026-08-11,55,0
DEMO-SOLD-0078,Pasadena,91107,178 Synthetic Sold Example,SingleFamilyResidence,5,4,2697,1686904.82,1743087.41,1710564.56,2026-08-07,26,0
DEMO-SOLD-0079,Pasadena,91104,179 Synthetic Sold Example,SingleFamilyResidence,3,3,1614,1022279.27,1024140.46,992969.65,2026-08-03,11,0
DEMO-SOLD-0080,Pasadena,91105,180 Synthetic Sold Example,SingleFamilyResidence,5,3,2265,1461478.89,1488919.43,1452276.26,2026-07-30,36,0
DEMO-SOLD-0081,Pasadena,91105,181 Synthetic Sold Example,SingleFamilyResidence,2,3,1809,1064955.04,1085902.56,1031161.01,2026-07-26,44,0
DEMO-SOLD-0082,Pasadena,91101,182 Synthetic Sold Example,SingleFamilyResidence,3,4,1911,1120299.82,1145308.18,1094991.74,2026-07-22,34,0
DEMO-SOLD-0083,Pasadena,91104,183 Synthetic Sold Example,Condominium,4,3,2184,1404883.78,1422044.73,1425256.79,2026-07-18,47,380
DEMO-SOLD-0084,Pasadena,91101,184 Synthetic Sold Example,SingleFamilyResidence,5,2,2430,1526379.56,1536991.78,1484942.72,2026-07-14,12,0
DEMO-SOLD-0085,Pasadena,91104,185 Synthetic Sold Example,SingleFamilyResidence,4,3,2361,1417805.84,1457898.89,1384592.06,2026-07-10,52,0
DEMO-SOLD-0086,Pasadena,91107,186 Synthetic Sold Example,SingleFamilyResidence,5,2,2430,1547583.43,1588512.86,1541784.48,2026-07-06,20,0
DEMO-SOLD-0087,Pasadena,91107,187 Synthetic Sold Example,SingleFamilyResidence,4,2,2032,1311494.77,1315240.91,1319798.57,2026-07-02,18,0
DEMO-SOLD-0088,Pasadena,91105,188 Synthetic Sold Example,SingleFamilyResidence,4,2,2359,1483465.22,1539402.31,1483445.46,2026-06-28,40,0
DEMO-SOLD-0089,Pasadena,91107,189 Synthetic Sold Example,Condominium,2,4,1360,874908.06,896035.82,876418.76,2026-06-24,9,396
DEMO-SOLD-0090,Pasadena,91104,190 Synthetic Sold Example,SingleFamilyResidence,5,3,2750,1596012.2,1626049.21,1600502.49,2026-06-20,49,0
DEMO-SOLD-0091,Pasadena,91107,191 Synthetic Sold Example,SingleFamilyResidence,3,4,2046,1276400.08,1281058.55,1263108.02,2026-06-16,30,0
DEMO-SOLD-0092,Pasadena,91107,192 Synthetic Sold Example,SingleFamilyResidence,3,2,1764,1060259.12,1072482.55,1059923.75,2026-06-12,33,0
DEMO-SOLD-0093,Pasadena,91101,193 Synthetic Sold Example,Condominium,2,3,1578,947185.04,962498.18,959980.78,2026-06-08,40,350
DEMO-SOLD-0094,Pasadena,91107,194 Synthetic Sold Example,Condominium,2,2,1850,1115081.85,1142977.12,1118228.78,2026-06-04,11,454
DEMO-SOLD-0095,Pasadena,91105,195 Synthetic Sold Example,SingleFamilyResidence,3,3,2096,1225631.99,1255482.09,1242370.86,2026-05-31,23,0
DEMO-SOLD-0096,Pasadena,91104,196 Synthetic Sold Example,SingleFamilyResidence,4,2,2445,1480400.26,1530224.94,1445218.59,2026-05-27,15,0
DEMO-SOLD-0097,Pasadena,91107,197 Synthetic Sold Example,SingleFamilyResidence,5,2,2670,1718607.73,1767100.77,1683536.24,2026-05-23,34,0
DEMO-SOLD-0098,Pasadena,91107,198 Synthetic Sold Example,Condominium,3,3,2164,1266998.0,1297374.41,1234728.22,2026-05-19,55,419
DEMO-SOLD-0099,Pasadena,91101,199 Synthetic Sold Example,SingleFamilyResidence,4,3,2399,1425376.29,1466772.12,1375670.94,2026-05-15,45,0
DEMO-SOLD-0100,Pasadena,91107,200 Synthetic Sold Example,SingleFamilyResidence,4,4,2375,1423912.01,1454863.87,1413369.18,2026-05-11,37,0
DEMO-SOLD-0101,Pasadena,91105,201 Synthetic Sold Example,SingleFamilyResidence,5,2,2745,1652448.34,1679599.73,1665338.51,2026-05-07,28,0
DEMO-SOLD-0102,Pasadena,91107,202 Synthetic Sold Example,Condominium,4,2,2387,1537849.9,1597232.66,1493732.55,2026-05-03,29,401
DEMO-SOLD-0103,Pasadena,91107,203 Synthetic Sold Example,SingleFamilyResidence,4,3,1895,1186585.63,1217663.8,1169378.87,2026-04-29,17,0
DEMO-SOLD-0104,Pasadena,91101,204 Synthetic Sold Example,Condominium,3,3,2007,1245364.37,1287823.39,1254814.52,2026-04-25,42,544
DEMO-SOLD-0105,Pasadena,91105,205 Synthetic Sold Example,Condominium,4,2,1950,1150157.53,1163378.77,1149260.38,2026-04-21,22,396
DEMO-SOLD-0106,Pasadena,91107,206 Synthetic Sold Example,SingleFamilyResidence,5,2,2614,1527884.96,1529654.08,1497286.47,2026-04-17,28,0
DEMO-SOLD-0107,Pasadena,91101,207 Synthetic Sold Example,SingleFamilyResidence,3,3,2041,1189207.84,1216128.08,1179168.92,2026-04-13,19,0
DEMO-SOLD-0108,Pasadena,91104,208 Synthetic Sold Example,SingleFamilyResidence,2,4,1711,1055588.5,1094131.37,1031353.76,2026-04-09,17,0
DEMO-SOLD-0109,Pasadena,91104,209 Synthetic Sold Example,Condominium,5,3,2630,1551756.89,1601700.68,1498174.52,2026-04-05,26,629
DEMO-SOLD-0110,Pasadena,91104,210 Synthetic Sold Example,SingleFamilyResidence,4,3,2186,1350209.3,1363716.69,1331597.26,2026-04-01,27,0
DEMO-SOLD-0111,Pasadena,91104,211 Synthetic Sold Example,Condominium,4,2,2122,1270128.22,1285160.06,1248469.94,2026-03-28,52,501
DEMO-SOLD-0112,Pasadena,91101,212 Synthetic Sold Example,Condominium,3,2,2179,1380278.34,1434032.05,1385682.93,2026-03-24,46,604
DEMO-SOLD-0113,Pasadena,91105,213 Synthetic Sold Example,SingleFamilyResidence,4,3,2104,1297047.76,1332211.48,1291917.36,2026-03-20,54,0
DEMO-SOLD-0114,Pasadena,91104,214 Synthetic Sold Example,SingleFamilyResidence,5,2,2476,1552902.94,1575566.71,1501141.94,2026-03-16,16,0
DEMO-SOLD-0115,Pasadena,91101,215 Synthetic Sold Example,SingleFamilyResidence,3,3,1779,1039111.65,1075541.26,1043606.47,2026-03-12,31,0
DEMO-SOLD-0116,Pasadena,91105,216 Synthetic Sold Example,SingleFamilyResidence,3,3,1902,1185765.4,1191227.97,1164345.45,2026-03-08,12,0
DEMO-SOLD-0117,Pasadena,91104,217 Synthetic Sold Example,SingleFamilyResidence,5,3,2730,1625753.73,1626658.86,1633125.06,2026-03-04,42,0
DEMO-SOLD-0118,Pasadena,91101,218 Synthetic Sold Example,Condominium,3,3,2198,1311374.83,1330860.48,1307345.58,2026-02-28,51,469
DEMO-SOLD-0119,Pasadena,91107,219 Synthetic Sold Example,SingleFamilyResidence,4,4,2215,1407463.83,1411022.86,1373780.91,2026-02-24,37,0
DEMO-SOLD-0120,Pasadena,91105,220 Synthetic Sold Example,Condominium,2,2,1366,871065.19,888229.52,853833.98,2026-02-20,14,470
DEMO-SOLD-0121,Pasadena,91104,221 Synthetic Sold Example,Condominium,4,3,2433,1458313.94,1467327.66,1461396.01,2026-02-16,34,400
DEMO-SOLD-0122,Pasadena,91107,222 Synthetic Sold Example,Condominium,3,2,1979,1157176.73,1168105.69,1142405.13,2026-02-12,31,400
DEMO-SOLD-0123,Pasadena,91105,223 Synthetic Sold Example,SingleFamilyResidence,2,3,1602,933539.01,965205.89,906567.19,2026-02-08,37,0
DEMO-SOLD-0124,Pasadena,91101,224 Synthetic Sold Example,SingleFamilyResidence,5,4,2181,1248886.33,1298283.32,1226001.06,2026-02-04,44,0
DEMO-SOLD-0125,Pasadena,91104,225 Synthetic Sold Example,SingleFamilyResidence,4,2,2480,1449888.0,1468942.98,1462189.96,2026-01-31,17,0
DEMO-SOLD-0126,Pasadena,91101,226 Synthetic Sold Example,SingleFamilyResidence,3,2,2153,1264139.93,1297566.71,1230924.47,2026-01-27,9,0
DEMO-SOLD-0127,Pasadena,91104,227 Synthetic Sold Example,SingleFamilyResidence,3,2,1931,1100850.69,1106432.38,1076927.42,2026-01-23,34,0
DEMO-SOLD-0128,Pasadena,91101,228 Synthetic Sold Example,SingleFamilyResidence,4,3,2250,1364005.47,1391495.02,1323702.79,2026-01-19,47,0
DEMO-SOLD-0129,Pasadena,91101,229 Synthetic Sold Example,SingleFamilyResidence,4,2,1942,1245746.98,1266988.14,1254921.81,2026-01-15,14,0
DEMO-SOLD-0130,Pasadena,91107,230 Synthetic Sold Example,Condominium,2,2,1649,1011049.67,1022171.87,978983.33,2026-01-11,48,649
DEMO-SOLD-0131,Pasadena,91105,231 Synthetic Sold Example,Condominium,4,4,2181,1312747.03,1317954.88,1306539.5,2026-01-07,52,408
DEMO-SOLD-0132,Pasadena,91104,232 Synthetic Sold Example,Condominium,4,2,2303,1366979.06,1389725.03,1350130.97,2026-01-03,14,510
DEMO-SOLD-0133,Pasadena,91107,233 Synthetic Sold Example,SingleFamilyResidence,5,3,2543,1622963.7,1653752.49,1621894.25,2025-12-30,13,0
DEMO-SOLD-0134,Pasadena,91101,234 Synthetic Sold Example,SingleFamilyResidence,4,2,2261,1419698.75,1453002.9,1409503.24,2025-12-26,43,0
DEMO-SOLD-0135,Pasadena,91105,235 Synthetic Sold Example,SingleFamilyResidence,4,3,2313,1461812.0,1518436.67,1463351.34,2025-12-22,46,0
DEMO-SOLD-0136,Pasadena,91105,236 Synthetic Sold Example,SingleFamilyResidence,2,4,1839,1074709.62,1084349.55,1072384.83,2025-12-18,14,0
DEMO-SOLD-0137,Pasadena,91105,237 Synthetic Sold Example,SingleFamilyResidence,2,3,1907,1116307.57,1141355.98,1101187.88,2025-12-14,47,0
DEMO-SOLD-0138,Pasadena,91101,238 Synthetic Sold Example,SingleFamilyResidence,2,2,1599,991356.8,1004832.3,971975.01,2025-12-10,8,0
DEMO-SOLD-0139,Pasadena,91104,239 Synthetic Sold Example,SingleFamilyResidence,4,3,1951,1130120.55,1131506.4,1126344.37,2025-12-06,55,0
DEMO-SOLD-0140,Pasadena,91104,240 Synthetic Sold Example,Condominium,4,3,2229,1293667.58,1310453.33,1268546.98,2025-12-02,44,393
DEMO-SOLD-0141,Pasadena,91101,241 Synthetic Sold Example,SingleFamilyResidence,3,4,1650,1019532.99,1046527.72,997720.22,2025-11-28,39,0
DEMO-SOLD-0142,Pasadena,91107,242 Synthetic Sold Example,Condominium,3,2,2124,1226002.78,1239893.22,1209446.45,2025-11-24,51,599
DEMO-SOLD-0143,Pasadena,91105,243 Synthetic Sold Example,SingleFamilyResidence,3,3,1656,943101.43,951070.03,924306.33,2025-11-20,16,0
DEMO-SOLD-0144,Pasadena,91105,244 Synthetic Sold Example,SingleFamilyResidence,3,2,1607,972352.71,977377.28,959257.8,2025-11-16,42,0
DEMO-SOLD-0145,San Diego,92109,245 Synthetic Sold Example,SingleFamilyResidence,4,4,2092,1219686.0,1221749.82,1229551.09,2026-08-27,9,0
DEMO-SOLD-0146,San Diego,92103,246 Synthetic Sold Example,SingleFamilyResidence,3,4,1889,1170538.29,1190095.36,1171094.23,2026-08-23,15,0
DEMO-SOLD-0147,San Diego,92103,247 Synthetic Sold Example,SingleFamilyResidence,3,2,1921,1226322.25,1230645.27,1239797.67,2026-08-19,14,0
DEMO-SOLD-0148,San Diego,92101,248 Synthetic Sold Example,Condominium,4,3,2266,1320078.96,1359459.81,1331334.25,2026-08-15,22,520
DEMO-SOLD-0149,San Diego,92101,249 Synthetic Sold Example,SingleFamilyResidence,4,2,2273,1395581.93,1415085.2,1409951.03,2026-08-11,54,0
DEMO-SOLD-0150,San Diego,92109,250 Synthetic Sold Example,SingleFamilyResidence,3,2,1599,951354.04,957171.37,926309.6,2026-08-07,49,0
DEMO-SOLD-0151,San Diego,92101,251 Synthetic Sold Example,SingleFamilyResidence,5,3,2485,1568749.8,1596918.6,1573446.41,2026-08-03,44,0
DEMO-SOLD-0152,San Diego,92109,252 Synthetic Sold Example,SingleFamilyResidence,5,3,2164,1315331.95,1348551.19,1300134.67,2026-07-30,25,0
DEMO-SOLD-0153,San Diego,92109,253 Synthetic Sold Example,SingleFamilyResidence,3,4,1525,911942.25,914017.46,900630.23,2026-07-26,26,0
DEMO-SOLD-0154,San Diego,92101,254 Synthetic Sold Example,SingleFamilyResidence,4,4,2249,1356384.27,1408156.46,1348268.31,2026-07-22,55,0
DEMO-SOLD-0155,San Diego,92101,255 Synthetic Sold Example,Condominium,4,2,2059,1274422.53,1323244.25,1261765.44,2026-07-18,36,402
DEMO-SOLD-0156,San Diego,92103,256 Synthetic Sold Example,SingleFamilyResidence,4,2,1770,1048590.05,1067020.99,1034840.85,2026-07-14,41,0
DEMO-SOLD-0157,San Diego,92109,257 Synthetic Sold Example,SingleFamilyResidence,3,3,1739,1047459.43,1075904.14,1051359.37,2026-07-10,11,0
DEMO-SOLD-0158,San Diego,92109,258 Synthetic Sold Example,SingleFamilyResidence,2,3,1266,777950.22,785791.83,765758.35,2026-07-06,50,0
DEMO-SOLD-0159,San Diego,92109,259 Synthetic Sold Example,SingleFamilyResidence,3,2,2046,1272389.88,1288179.31,1286179.18,2026-07-02,49,0
DEMO-SOLD-0160,San Diego,92109,260 Synthetic Sold Example,Condominium,3,4,1536,914924.93,943897.38,900134.22,2026-06-28,16,619
DEMO-SOLD-0161,San Diego,92101,261 Synthetic Sold Example,Condominium,4,3,1748,1047409.49,1056383.39,1020190.62,2026-06-24,39,448
DEMO-SOLD-0162,San Diego,92101,262 Synthetic Sold Example,SingleFamilyResidence,3,2,1752,1110915.25,1145170.31,1077651.16,2026-06-20,55,0
DEMO-SOLD-0163,San Diego,92109,263 Synthetic Sold Example,SingleFamilyResidence,5,3,2144,1320029.16,1329578.03,1284009.04,2026-06-16,52,0
DEMO-SOLD-0164,San Diego,92109,264 Synthetic Sold Example,SingleFamilyResidence,5,3,2054,1235981.29,1247724.61,1234520.54,2026-06-12,36,0
DEMO-SOLD-0165,San Diego,92109,265 Synthetic Sold Example,SingleFamilyResidence,5,3,2249,1372784.61,1417187.26,1345978.78,2026-06-08,38,0
DEMO-SOLD-0166,San Diego,92101,266 Synthetic Sold Example,SingleFamilyResidence,5,4,2461,1488386.76,1511121.72,1457262.49,2026-06-04,41,0
DEMO-SOLD-0167,San Diego,92103,267 Synthetic Sold Example,SingleFamilyResidence,3,4,1591,1009379.16,1028783.09,976684.35,2026-05-31,31,0
DEMO-SOLD-0168,San Diego,92109,268 Synthetic Sold Example,SingleFamilyResidence,5,4,2137,1263528.62,1277315.8,1267516.11,2026-05-27,40,0
DEMO-SOLD-0169,San Diego,92101,269 Synthetic Sold Example,Condominium,2,2,1631,1035000.85,1052177.6,1046927.78,2026-05-23,33,607
DEMO-SOLD-0170,San Diego,92103,270 Synthetic Sold Example,SingleFamilyResidence,4,2,2113,1238662.14,1243571.36,1215046.11,2026-05-19,53,0
DEMO-SOLD-0171,San Diego,92109,271 Synthetic Sold Example,SingleFamilyResidence,3,2,1489,879136.37,903614.06,884840.28,2026-05-15,16,0
DEMO-SOLD-0172,San Diego,92109,272 Synthetic Sold Example,Condominium,4,4,1735,1101858.59,1111363.43,1064340.52,2026-05-11,17,630
DEMO-SOLD-0173,San Diego,92109,273 Synthetic Sold Example,Condominium,2,3,1413,834811.15,848830.16,807585.85,2026-05-07,47,584
DEMO-SOLD-0174,San Diego,92101,274 Synthetic Sold Example,SingleFamilyResidence,4,4,2278,1298037.91,1310599.7,1286055.44,2026-05-03,17,0
DEMO-SOLD-0175,San Diego,92103,275 Synthetic Sold Example,Condominium,2,4,1531,896800.5,920632.84,884091.39,2026-04-29,13,618
DEMO-SOLD-0176,San Diego,92103,276 Synthetic Sold Example,SingleFamilyResidence,4,4,2249,1405664.94,1406808.27,1392144.03,2026-04-25,38,0
DEMO-SOLD-0177,San Diego,92101,277 Synthetic Sold Example,Condominium,3,3,1466,870159.34,878552.06,842643.14,2026-04-21,50,403
DEMO-SOLD-0178,San Diego,92109,278 Synthetic Sold Example,SingleFamilyResidence,3,2,1810,1098518.16,1106211.7,1104752.73,2026-04-17,51,0
DEMO-SOLD-0179,San Diego,92103,279 Synthetic Sold Example,Condominium,5,2,2148,1227845.88,1250324.28,1232523.38,2026-04-13,26,453
DEMO-SOLD-0180,San Diego,92101,280 Synthetic Sold Example,SingleFamilyResidence,2,3,1487,898192.12,917701.95,911176.5,2026-04-09,24,0
DEMO-SOLD-0181,San Diego,92101,281 Synthetic Sold Example,SingleFamilyResidence,3,3,1498,942293.24,946984.92,924951.5,2026-04-05,31,0
DEMO-SOLD-0182,San Diego,92103,282 Synthetic Sold Example,Condominium,5,3,2405,1420434.31,1459755.82,1383987.19,2026-04-01,31,615
DEMO-SOLD-0183,San Diego,92103,283 Synthetic Sold Example,SingleFamilyResidence,5,3,2090,1247530.24,1256535.24,1265937.43,2026-03-28,26,0
DEMO-SOLD-0184,San Diego,92103,284 Synthetic Sold Example,SingleFamilyResidence,2,3,1472,864968.2,879711.28,860756.74,2026-03-24,52,0
DEMO-SOLD-0185,San Diego,92103,285 Synthetic Sold Example,SingleFamilyResidence,4,2,2091,1274540.89,1307142.08,1257649.44,2026-03-20,11,0
DEMO-SOLD-0186,San Diego,92101,286 Synthetic Sold Example,Condominium,3,4,1613,1021944.07,1046780.29,993471.66,2026-03-16,36,367
DEMO-SOLD-0187,San Diego,92101,287 Synthetic Sold Example,SingleFamilyResidence,3,3,1820,1077695.98,1103780.31,1070542.49,2026-03-12,51,0
DEMO-SOLD-0188,San Diego,92103,288 Synthetic Sold Example,SingleFamilyResidence,3,3,1528,925317.97,940050.29,917427.78,2026-03-08,49,0
DEMO-SOLD-0189,San Diego,92103,289 Synthetic Sold Example,SingleFamilyResidence,2,2,1360,815906.38,834237.28,803136.93,2026-03-04,24,0
DEMO-SOLD-0190,San Diego,92103,290 Synthetic Sold Example,Condominium,3,4,1742,1069529.83,1078093.7,1085499.45,2026-02-28,16,387
DEMO-SOLD-0191,San Diego,92103,291 Synthetic Sold Example,SingleFamilyResidence,5,3,2099,1306327.24,1357878.82,1323803.37,2026-02-24,50,0
DEMO-SOLD-0192,San Diego,92103,292 Synthetic Sold Example,SingleFamilyResidence,4,4,2027,1273312.51,1309566.73,1282949.07,2026-02-20,52,0
DEMO-SOLD-0193,San Diego,92109,293 Synthetic Sold Example,SingleFamilyResidence,3,4,1679,961627.26,966969.18,937633.72,2026-02-16,39,0
DEMO-SOLD-0194,San Diego,92101,294 Synthetic Sold Example,SingleFamilyResidence,4,4,2107,1259255.34,1265791.94,1277074.55,2026-02-12,13,0
DEMO-SOLD-0195,San Diego,92101,295 Synthetic Sold Example,SingleFamilyResidence,4,3,2268,1346233.2,1377191.21,1326674.69,2026-02-08,16,0
DEMO-SOLD-0196,San Diego,92103,296 Synthetic Sold Example,SingleFamilyResidence,4,3,2259,1330110.64,1371624.08,1341945.97,2026-02-04,48,0
DEMO-SOLD-0197,San Diego,92109,297 Synthetic Sold Example,SingleFamilyResidence,3,3,1964,1236478.0,1242618.9,1196627.11,2026-01-31,17,0
DEMO-SOLD-0198,San Diego,92103,298 Synthetic Sold Example,SingleFamilyResidence,3,3,1680,989374.95,1024791.64,1001292.17,2026-01-27,13,0
DEMO-SOLD-0199,San Diego,92103,299 Synthetic Sold Example,SingleFamilyResidence,5,4,2291,1312771.09,1340784.47,1286701.07,2026-01-23,40,0
DEMO-SOLD-0200,San Diego,92109,300 Synthetic Sold Example,SingleFamilyResidence,4,4,1887,1087528.0,1126766.05,1083421.45,2026-01-19,29,0
DEMO-SOLD-0201,San Diego,92109,301 Synthetic Sold Example,SingleFamilyResidence,2,2,1216,768871.17,777010.63,771601.53,2026-01-15,21,0
DEMO-SOLD-0202,San Diego,92109,302 Synthetic Sold Example,Condominium,4,2,2239,1406109.41,1442213.08,1395252.66,2026-01-11,27,597
DEMO-SOLD-0203,San Diego,92101,303 Synthetic Sold Example,Condominium,3,3,1524,935096.19,950642.04,909758.84,2026-01-07,37,454
DEMO-SOLD-0204,San Diego,92103,304 Synthetic Sold Example,SingleFamilyResidence,3,3,1803,1143511.17,1160459.84,1110964.9,2026-01-03,43,0
DEMO-SOLD-0205,San Diego,92101,305 Synthetic Sold Example,SingleFamilyResidence,3,3,1575,918631.29,922188.66,897866.49,2025-12-30,26,0
DEMO-SOLD-0206,San Diego,92103,306 Synthetic Sold Example,Condominium,3,2,1785,1126745.75,1135301.54,1127936.07,2025-12-26,18,605
DEMO-SOLD-0207,San Diego,92109,307 Synthetic Sold Example,Condominium,4,3,2239,1266532.2,1292138.67,1282061.97,2025-12-22,23,460
DEMO-SOLD-0208,San Diego,92109,308 Synthetic Sold Example,SingleFamilyResidence,2,2,1458,874264.01,897143.85,882234.66,2025-12-18,38,0
DEMO-SOLD-0209,San Diego,92103,309 Synthetic Sold Example,SingleFamilyResidence,2,3,1307,820190.61,845250.94,821318.71,2025-12-14,31,0
DEMO-SOLD-0210,San Diego,92101,310 Synthetic Sold Example,Condominium,2,4,1745,1008636.49,1011603.16,1001234.26,2025-12-10,40,580
DEMO-SOLD-0211,San Diego,92109,311 Synthetic Sold Example,SingleFamilyResidence,4,4,1851,1061111.23,1076951.43,1029101.82,2025-12-06,29,0
DEMO-SOLD-0212,San Diego,92109,312 Synthetic Sold Example,SingleFamilyResidence,3,2,1971,1168605.64,1170424.65,1130056.55,2025-12-02,53,0
DEMO-SOLD-0213,San Diego,92103,313 Synthetic Sold Example,Condominium,4,3,1882,1143598.73,1158601.18,1133049.36,2025-11-28,47,513
DEMO-SOLD-0214,San Diego,92101,314 Synthetic Sold Example,Condominium,4,3,2074,1245492.33,1269896.34,1233642.35,2025-11-24,44,503
DEMO-SOLD-0215,San Diego,92103,315 Synthetic Sold Example,SingleFamilyResidence,3,3,1562,991171.25,1022760.07,985407.7,2025-11-20,54,0
DEMO-SOLD-0216,San Diego,92109,316 Synthetic Sold Example,SingleFamilyResidence,4,3,2001,1267891.81,1307255.39,1273147.47,2025-11-16,44,0
DEMO-SOLD-0217,Los Angeles,90026,317 Synthetic Sold Example,SingleFamilyResidence,4,3,1954,1226691.37,1264699.48,1227990.61,2026-08-27,32,0
DEMO-SOLD-0218,Los Angeles,90026,318 Synthetic Sold Example,SingleFamilyResidence,2,4,1332,802410.96,815852.32,792021.29,2026-08-23,34,0
DEMO-SOLD-0219,Los Angeles,90026,319 Synthetic Sold Example,Condominium,4,4,2262,1477673.2,1481354.46,1480320.99,2026-08-19,16,615
DEMO-SOLD-0220,Los Angeles,90026,320 Synthetic Sold Example,SingleFamilyResidence,5,3,2598,1599611.06,1629022.37,1620140.91,2026-08-15,42,0
DEMO-SOLD-0221,Los Angeles,90042,321 Synthetic Sold Example,SingleFamilyResidence,5,3,2555,1536936.81,1571246.57,1502088.24,2026-08-11,22,0
DEMO-SOLD-0222,Los Angeles,90042,322 Synthetic Sold Example,SingleFamilyResidence,5,2,2560,1563036.48,1621412.79,1535589.81,2026-08-07,54,0
DEMO-SOLD-0223,Los Angeles,90042,323 Synthetic Sold Example,SingleFamilyResidence,2,4,1776,1092097.95,1127847.88,1107396.09,2026-08-03,17,0
DEMO-SOLD-0224,Los Angeles,90042,324 Synthetic Sold Example,SingleFamilyResidence,3,2,1854,1214957.42,1251276.8,1212282.82,2026-07-30,21,0
DEMO-SOLD-0225,Los Angeles,90026,325 Synthetic Sold Example,SingleFamilyResidence,4,3,1920,1140523.36,1151439.64,1142855.22,2026-07-26,11,0
DEMO-SOLD-0226,Los Angeles,90026,326 Synthetic Sold Example,SingleFamilyResidence,2,2,1643,1002597.3,1029915.75,991187.94,2026-07-22,16,0
DEMO-SOLD-0227,Los Angeles,90026,327 Synthetic Sold Example,SingleFamilyResidence,4,3,2268,1437494.55,1454011.08,1441513.14,2026-07-18,26,0
DEMO-SOLD-0228,Los Angeles,90026,328 Synthetic Sold Example,SingleFamilyResidence,5,4,2297,1435291.19,1489066.92,1436950.22,2026-07-14,19,0
DEMO-SOLD-0229,Los Angeles,90042,329 Synthetic Sold Example,SingleFamilyResidence,2,3,1727,1033576.44,1069639.6,1036108.87,2026-07-10,26,0
DEMO-SOLD-0230,Los Angeles,90026,330 Synthetic Sold Example,SingleFamilyResidence,3,4,1609,1051493.9,1070603.71,1032306.35,2026-07-06,49,0
DEMO-SOLD-0231,Los Angeles,90042,331 Synthetic Sold Example,SingleFamilyResidence,4,3,2059,1231924.27,1239931.49,1195745.53,2026-07-02,37,0
DEMO-SOLD-0232,Los Angeles,90042,332 Synthetic Sold Example,SingleFamilyResidence,2,3,1522,952653.18,959340.61,955381.7,2026-06-28,48,0
DEMO-SOLD-0233,Los Angeles,90042,333 Synthetic Sold Example,Condominium,4,3,1868,1145360.59,1190335.93,1110735.48,2026-06-24,38,515
DEMO-SOLD-0234,Los Angeles,90026,334 Synthetic Sold Example,SingleFamilyResidence,3,3,1741,1072854.33,1086999.92,1049626.72,2026-06-20,45,0
DEMO-SOLD-0235,Los Angeles,90026,335 Synthetic Sold Example,SingleFamilyResidence,5,3,2301,1351338.53,1367922.49,1312029.77,2026-06-16,33,0
DEMO-SOLD-0236,Los Angeles,90042,336 Synthetic Sold Example,SingleFamilyResidence,5,3,2436,1529894.08,1538067.92,1493109.96,2026-06-12,17,0
DEMO-SOLD-0237,Los Angeles,90042,337 Synthetic Sold Example,SingleFamilyResidence,4,4,2262,1443825.02,1491506.1,1451188.17,2026-06-08,23,0
DEMO-SOLD-0238,Los Angeles,90026,338 Synthetic Sold Example,Condominium,4,3,1859,1208014.54,1248061.38,1172511.52,2026-06-04,40,453
DEMO-SOLD-0239,Los Angeles,90026,339 Synthetic Sold Example,SingleFamilyResidence,3,4,1952,1151705.22,1178569.78,1123223.63,2026-05-31,13,0
DEMO-SOLD-0240,Los Angeles,90042,340 Synthetic Sold Example,SingleFamilyResidence,4,2,2305,1410388.4,1441913.24,1400791.49,2026-05-27,51,0
DEMO-SOLD-0241,Los Angeles,90042,341 Synthetic Sold Example,SingleFamilyResidence,4,3,1783,1134058.97,1136113.42,1127158.86,2026-05-23,30,0
DEMO-SOLD-0242,Los Angeles,90026,342 Synthetic Sold Example,SingleFamilyResidence,2,3,1252,753329.48,757410.38,733742.21,2026-05-19,49,0
DEMO-SOLD-0243,Los Angeles,90042,343 Synthetic Sold Example,SingleFamilyResidence,4,3,2166,1316772.25,1351629.45,1315635.24,2026-05-15,42,0
DEMO-SOLD-0244,Los Angeles,90026,344 Synthetic Sold Example,SingleFamilyResidence,2,2,1770,1077722.02,1119913.73,1046863.98,2026-05-11,8,0
DEMO-SOLD-0245,Los Angeles,90026,345 Synthetic Sold Example,SingleFamilyResidence,4,4,2214,1370068.86,1383633.2,1378519.47,2026-05-07,30,0
DEMO-SOLD-0246,Los Angeles,90026,346 Synthetic Sold Example,SingleFamilyResidence,3,2,1532,978947.8,1008944.85,965205.36,2026-05-03,9,0
DEMO-SOLD-0247,Los Angeles,90026,347 Synthetic Sold Example,SingleFamilyResidence,2,2,1254,767224.37,793991.67,766151.16,2026-04-29,23,0
DEMO-SOLD-0248,Los Angeles,90026,348 Synthetic Sold Example,Condominium,4,2,2332,1386512.43,1389642.84,1397863.13,2026-04-25,40,498
DEMO-SOLD-0249,Los Angeles,90026,349 Synthetic Sold Example,SingleFamilyResidence,4,4,2108,1255694.83,1305204.14,1266761.16,2026-04-21,41,0
DEMO-SOLD-0250,Los Angeles,90026,350 Synthetic Sold Example,Condominium,3,3,1562,966792.05,995223.93,961555.28,2026-04-17,19,568
DEMO-SOLD-0251,Los Angeles,90042,351 Synthetic Sold Example,SingleFamilyResidence,3,3,2037,1224352.06,1231659.86,1206986.14,2026-04-13,32,0
DEMO-SOLD-0252,Los Angeles,90026,352 Synthetic Sold Example,Condominium,3,2,1807,1157255.09,1178688.62,1125103.75,2026-04-09,11,637
DEMO-SOLD-0253,Los Angeles,90042,353 Synthetic Sold Example,Condominium,4,4,1917,1160790.37,1176125.02,1134962.53,2026-04-05,13,580
DEMO-SOLD-0254,Los Angeles,90042,354 Synthetic Sold Example,SingleFamilyResidence,4,2,1832,1092530.83,1118879.26,1091092.61,2026-04-01,12,0
DEMO-SOLD-0255,Los Angeles,90026,355 Synthetic Sold Example,SingleFamilyResidence,4,2,2120,1268998.69,1279750.04,1282259.36,2026-03-28,20,0
DEMO-SOLD-0256,Los Angeles,90026,356 Synthetic Sold Example,Condominium,3,4,1709,1034155.97,1047459.97,1010335.79,2026-03-24,26,544
DEMO-SOLD-0257,Los Angeles,90042,357 Synthetic Sold Example,SingleFamilyResidence,3,3,1868,1145693.15,1150212.14,1134080.25,2026-03-20,54,0
DEMO-SOLD-0258,Los Angeles,90042,358 Synthetic Sold Example,SingleFamilyResidence,3,3,1820,1102416.45,1112173.9,1094838.7,2026-03-16,17,0
DEMO-SOLD-0259,Los Angeles,90026,359 Synthetic Sold Example,SingleFamilyResidence,4,4,2373,1489900.25,1501592.5,1459744.1,2026-03-12,22,0
DEMO-SOLD-0260,Los Angeles,90042,360 Synthetic Sold Example,SingleFamilyResidence,4,4,2125,1261319.86,1310082.9,1268988.18,2026-03-08,49,0
DEMO-SOLD-0261,Los Angeles,90042,361 Synthetic Sold Example,Condominium,3,3,1673,978216.6,985418.14,970711.05,2026-03-04,42,380
DEMO-SOLD-0262,Los Angeles,90026,362 Synthetic Sold Example,SingleFamilyResidence,5,2,2066,1249282.39,1260847.42,1258186.32,2026-02-28,53,0
DEMO-SOLD-0263,Los Angeles,90026,363 Synthetic Sold Example,SingleFamilyResidence,3,4,1966,1183163.37,1214718.56,1178302.65,2026-02-24,47,0
DEMO-SOLD-0264,Los Angeles,90042,364 Synthetic Sold Example,Condominium,2,2,1764,1084680.61,1107650.57,1047359.52,2026-02-20,25,624
DEMO-SOLD-0265,Los Angeles,90042,365 Synthetic Sold Example,SingleFamilyResidence,4,3,1963,1143039.82,1149847.65,1108537.95,2026-02-16,20,0
DEMO-SOLD-0266,Los Angeles,90042,366 Synthetic Sold Example,SingleFamilyResidence,3,3,1580,950846.47,972335.68,936870.33,2026-02-12,52,0
DEMO-SOLD-0267,Los Angeles,90026,367 Synthetic Sold Example,SingleFamilyResidence,5,2,2092,1216082.0,1242967.21,1196579.94,2026-02-08,11,0
DEMO-SOLD-0268,Los Angeles,90026,368 Synthetic Sold Example,SingleFamilyResidence,2,3,1664,1034571.44,1075016.11,1015497.59,2026-02-04,14,0
DEMO-SOLD-0269,Los Angeles,90026,369 Synthetic Sold Example,SingleFamilyResidence,3,4,1986,1180328.95,1212642.99,1193558.03,2026-01-31,25,0
DEMO-SOLD-0270,Los Angeles,90026,370 Synthetic Sold Example,SingleFamilyResidence,3,2,1712,1057149.31,1087287.01,1059911.35,2026-01-27,33,0
DEMO-SOLD-0271,Los Angeles,90026,371 Synthetic Sold Example,SingleFamilyResidence,3,4,1746,1075539.75,1104666.87,1083576.31,2026-01-23,42,0
DEMO-SOLD-0272,Los Angeles,90042,372 Synthetic Sold Example,Condominium,5,2,2140,1307902.2,1310711.39,1325841.61,2026-01-19,35,468
DEMO-SOLD-0273,Los Angeles,90026,373 Synthetic Sold Example,SingleFamilyResidence,4,4,2186,1411059.98,1446851.4,1384699.73,2026-01-15,36,0
DEMO-SOLD-0274,Los Angeles,90042,374 Synthetic Sold Example,SingleFamilyResidence,3,4,1884,1141917.45,1172094.76,1140758.11,2026-01-11,13,0
DEMO-SOLD-0275,Los Angeles,90042,375 Synthetic Sold Example,SingleFamilyResidence,5,2,2144,1273741.24,1313680.17,1253361.38,2026-01-07,17,0
DEMO-SOLD-0276,Los Angeles,90042,376 Synthetic Sold Example,SingleFamilyResidence,3,2,1593,915696.91,928879.92,897761.49,2026-01-03,25,0
DEMO-SOLD-0277,Los Angeles,90026,377 Synthetic Sold Example,SingleFamilyResidence,2,2,1661,1008824.37,1025290.17,1001497.28,2025-12-30,9,0
DEMO-SOLD-0278,Los Angeles,90026,378 Synthetic Sold Example,SingleFamilyResidence,4,2,2112,1346999.34,1369295.41,1300685.5,2025-12-26,13,0
DEMO-SOLD-0279,Los Angeles,90026,379 Synthetic Sold Example,SingleFamilyResidence,5,3,2233,1305469.97,1331220.31,1279434.41,2025-12-22,12,0
DEMO-SOLD-0280,Los Angeles,90026,380 Synthetic Sold Example,Condominium,3,3,1806,1101578.26,1112668.94,1067259.77,2025-12-18,23,603
DEMO-SOLD-0281,Los Angeles,90026,381 Synthetic Sold Example,Condominium,2,2,1531,880234.24,909866.92,866841.12,2025-12-14,32,518
DEMO-SOLD-0282,Los Angeles,90042,382 Synthetic Sold Example,SingleFamilyResidence,4,4,1919,1144638.15,1176472.47,1139098.74,2025-12-10,38,0
DEMO-SOLD-0283,Los Angeles,90042,383 Synthetic Sold Example,SingleFamilyResidence,4,3,2078,1305680.61,1356224.19,1301300.21,2025-12-06,23,0
DEMO-SOLD-0284,Los Angeles,90042,384 Synthetic Sold Example,Condominium,3,3,1873,1091577.32,1117435.78,1084146.43,2025-12-02,42,442
DEMO-SOLD-0285,Los Angeles,90026,385 Synthetic Sold Example,Condominium,5,2,2508,1587416.99,1591808.33,1597836.94,2025-11-28,34,605
DEMO-SOLD-0286,Los Angeles,90026,386 Synthetic Sold Example,SingleFamilyResidence,3,3,1657,1038765.2,1041838.5,1043391.69,2025-11-24,46,0
DEMO-SOLD-0287,Los Angeles,90042,387 Synthetic Sold Example,Condominium,4,4,2208,1356400.36,1375907.0,1362553.06,2025-11-20,42,393
DEMO-SOLD-0288,Los Angeles,90026,388 Synthetic Sold Example,SingleFamilyResidence,5,3,2230,1386817.15,1441380.54,1341350.12,2025-11-16,51,0
